year,month,ozone_DU
1956,Aug,
1956,Sep,315
1956,Oct,313
1956,Nov,371
1956,Dec,360
1956,Jan,335
1956,Feb,297
1956,Mar,289
1956,Apr,275
1957,Aug,302
1957,Sep,285
1957,Oct,322
1957,Nov,396
1957,Dec,349
1957,Jan,333
1957,Feb,302
1957,Mar,282
1957,Apr,257
1958,Aug,
1958,Sep,
1958,Oct,306
1958,Nov,351
1958,Dec,380
1958,Jan,343
1958,Feb,329
1958,Mar,298
1958,Apr,
1959,Aug,
1959,Sep,
1959,Oct,303
1959,Nov,304
1959,Dec,341
1959,Jan,323
1959,Feb,299
1959,Mar,296
1959,Apr,
1960,Aug,
1960,Sep,288
1960,Oct,293
1960,Nov,347
1960,Dec,377
1960,Jan,320
1960,Feb,304
1960,Mar,305
1960,Apr,
1961,Aug,
1961,Sep,268
1961,Oct,309
1961,Nov,333
1961,Dec,345
1961,Jan,312
1961,Feb,298
1961,Mar,330
1961,Apr,
1962,Aug,
1962,Sep,
1962,Oct,323
1962,Nov,382
1962,Dec,378
1962,Jan,321
1962,Feb,303
1962,Mar,306
1962,Apr,288
1963,Aug,315
1963,Sep,
1963,Oct,301
1963,Nov,349
1963,Dec,352
1963,Jan,318
1963,Feb,301
1963,Mar,326
1963,Apr,304
1964,Aug,272
1964,Sep,
1964,Oct,310
1964,Nov,402
1964,Dec,358
1964,Jan,316
1964,Feb,295
1964,Mar,297
1964,Apr,
1965,Aug,
1965,Sep,
1965,Oct,274
1965,Nov,299
1965,Dec,336
1965,Jan,300
1965,Feb,290
1965,Mar,284
1965,Apr,287
1966,Aug,
1966,Sep,289
1966,Oct,308
1966,Nov,339
1966,Dec,346
1966,Jan,300
1966,Feb,285
1966,Mar,269
1966,Apr,
1967,Aug,
1967,Sep,
1967,Oct,315
1967,Nov,359
1967,Dec,334
1967,Jan,320
1967,Feb,286
1967,Mar,290
1967,Apr,281
1968,Aug,285
1968,Sep,281
1968,Oct,293
1968,Nov,387
1968,Dec,350
1968,Jan,313
1968,Feb,291
1968,Mar,282
1968,Apr,246
1969,Aug,
1969,Sep,286
1969,Oct,275
1969,Nov,298
1969,Dec,316
1969,Jan,306
1969,Feb,286
1969,Mar,269
1969,Apr,259
1970,Aug,309
1970,Sep,
1970,Oct,275
1970,Nov,357
1970,Dec,346
1970,Jan,319
1970,Feb,314
1970,Mar,275
1970,Apr,279
1971,Aug,
1971,Sep,280
1971,Oct,291
1971,Nov,375
1971,Dec,346
1971,Jan,317
1971,Feb,301
1971,Mar,301
1971,Apr,314
1972,Aug,305
1972,Sep,266
1972,Oct,296
1972,Nov,377
1972,Dec,351
1972,Jan,306
1972,Feb,293
1972,Mar,286
1972,Apr,277
1973,Aug,272
1973,Sep,263
1973,Oct,271
1973,Nov,326
1973,Dec,334
1973,Jan,307
1973,Feb,275
1973,Mar,262
1973,Apr,242
1974,Aug,
1974,Sep,244
1974,Oct,272
1974,Nov,337
1974,Dec,351
1974,Jan,320
1974,Feb,275
1974,Mar,279
1974,Apr,
1975,Aug,
1975,Sep,267
1975,Oct,303
1975,Nov,309
1975,Dec,338
1975,Jan,314
1975,Feb,272
1975,Mar,257
1975,Apr,
1976,Aug,
1976,Sep,265
1976,Oct,283
1976,Nov,326
1976,Dec,335
1976,Jan,318
1976,Feb,280
1976,Mar,275
1976,Apr,253
1977,Aug,290
1977,Sep,239
1977,Oct,251
1977,Nov,332
1977,Dec,360
1977,Jan,310
1977,Feb,305
1977,Mar,282
1977,Apr,253
1978,Aug,
1978,Sep,264
1978,Oct,284
1978,Nov,345
1978,Dec,337
1978,Jan,295
1978,Feb,283
1978,Mar,278
1978,Apr,283
1979,Aug,
1979,Sep,232
1979,Oct,263
1979,Nov,323
1979,Dec,352
1979,Jan,324
1979,Feb,292
1979,Mar,290
1979,Apr,
1980,Aug,328
1980,Sep,236
1980,Oct,226
1980,Nov,293
1980,Dec,340
1980,Jan,299
1980,Feb,280
1980,Mar,253
1980,Apr,
1981,Aug,
1981,Sep,241
1981,Oct,237
1981,Nov,285
1981,Dec,326
1981,Jan,290
1981,Feb,278
1981,Mar,260
1981,Apr,
1982,Aug,
1982,Sep,210
1982,Oct,218
1982,Nov,268
1982,Dec,322
1982,Jan,308
1982,Feb,292
1982,Mar,278
1982,Apr,266
1983,Aug,
1983,Sep,228
1983,Oct,195
1983,Nov,289
1983,Dec,325
1983,Jan,301
1983,Feb,272
1983,Mar,273
1983,Apr,267
1984,Aug,
1984,Sep,215
1984,Oct,194
1984,Nov,248
1984,Dec,322
1984,Jan,301
1984,Feb,269
1984,Mar,263
1984,Apr,245
1985,Aug,
1985,Sep,217
1985,Oct,185
1985,Nov,215
1985,Dec,304
1985,Jan,286
1985,Feb,273
1985,Mar,247
1985,Apr,227
1986,Aug,253
1986,Sep,212
1986,Oct,233
1986,Nov,282
1986,Dec,309
1986,Jan,301
1986,Feb,278
1986,Mar,274
1986,Apr,274
1987,Aug,254
1987,Sep,182
1987,Oct,150
1987,Nov,188
1987,Dec,287
1987,Jan,286
1987,Feb,264
1987,Mar,271
1987,Apr,265
1988,Aug,242
1988,Sep,207
1988,Oct,216
1988,Nov,312
1988,Dec,323
1988,Jan,284
1988,Feb,281
1988,Mar,260
1988,Apr,274
1989,Aug,270
1989,Sep,186
1989,Oct,150
1989,Nov,255
1989,Dec,295
1989,Jan,290
1989,Feb,266
1989,Mar,254
1989,Apr,254
1990,Aug,259
1990,Sep,173
1990,Oct,173
1990,Nov,207
1990,Dec,246
1990,Jan,281
1990,Feb,257
1990,Mar,263
1990,Apr,233
1991,Aug,204
1991,Sep,163
1991,Oct,137
1991,Nov,232
1991,Dec,296
1991,Jan,271
1991,Feb,283
1991,Mar,281
1991,Apr,257
1992,Aug,185
1992,Sep,152
1992,Oct,147
1992,Nov,206
1992,Dec,270
1992,Jan,284
1992,Feb,275
1992,Mar,277
1992,Apr,256
1993,Aug,209
1993,Sep,167
1993,Oct,122
1993,Nov,179
1993,Dec,285
1993,Jan,278
1993,Feb,264
1993,Mar,255
1993,Apr,284
1994,Aug,197
1994,Sep,152
1994,Oct,126
1994,Nov,217
1994,Dec,316
1994,Jan,278
1994,Feb,269
1994,Mar,256
1994,Apr,254
1995,Aug,218
1995,Sep,160
1995,Oct,130
1995,Nov,164
1995,Dec,252
1995,Jan,261
1995,Feb,249
1995,Mar,246
1995,Apr,226
1996,Aug,173
1996,Sep,155
1996,Oct,148
1996,Nov,181
1996,Dec,260
1996,Jan,278
1996,Feb,265
1996,Mar,247
1996,Apr,243
1997,Aug,218
1997,Sep,171
1997,Oct,141
1997,Nov,210
1997,Dec,286
1997,Jan,267
1997,Feb,262
1997,Mar,264
1997,Apr,255
1998,Aug,221
1998,Sep,162
1998,Oct,140
1998,Nov,183
1998,Dec,255
1998,Jan,272
1998,Feb,259
1998,Mar,254
1998,Apr,267
1999,Aug,205
1999,Sep,172
1999,Oct,143
1999,Nov,172
1999,Dec,254
1999,Jan,281
1999,Feb,258
1999,Mar,250
1999,Apr,256
2000,Aug,179
2000,Sep,151
2000,Oct,137
2000,Nov,267
2000,Dec,299
2000,Jan,286
2000,Feb,261
2000,Mar,251
2000,Apr,245
2001,Aug,224
2001,Sep,148
2001,Oct,138
2001,Nov,209
2001,Dec,265
2001,Jan,283
2001,Feb,263
2001,Mar,246
2001,Apr,250
2002,Aug,228
2002,Sep,213
2002,Oct,224
2002,Nov,329
2002,Dec,306
2002,Jan,282
2002,Feb,280
2002,Mar,268
2002,Apr,246
2003,Aug,205
2003,Sep,155
2003,Oct,158
2003,Nov,229
2003,Dec,292
2003,Jan,277
2003,Feb,271
2003,Mar,262
2003,Apr,242
2004,Aug,242
2004,Sep,173
2004,Oct,191
2004,Nov,222
2004,Dec,282
2004,Jan,275
2004,Feb,262
2004,Mar,253
2004,Apr,242
2005,Aug,207
2005,Sep,158
2005,Oct,155
2005,Nov,253
2005,Dec,290
2005,Jan,281
2005,Feb,269
2005,Mar,272
2005,Apr,255
2006,Aug,221
2006,Sep,147
2006,Oct,137
2006,Nov,181
2006,Dec,275
2006,Jan,286
2006,Feb,281
2006,Mar,270
2006,Apr,255
2007,Aug,186
2007,Sep,150
2007,Oct,159
2007,Nov,214
2007,Dec,290
2007,Jan,291
2007,Feb,274
2007,Mar,282
2007,Apr,263
2008,Aug,203
2008,Sep,151
2008,Oct,145
2008,Nov,180
2008,Dec,244
2008,Jan,286
2008,Feb,264
2008,Mar,249
2008,Apr,234
2009,Aug,200
2009,Sep,153
2009,Oct,165
2009,Nov,216
2009,Dec,293
2009,Jan,293
2009,Feb,275
2009,Mar,254
2009,Apr,267
2010,Aug,222
2010,Sep,188
2010,Oct,184
2010,Nov,222
2010,Dec,271
2010,Jan,290
2010,Feb,278
2010,Mar,275
2010,Apr,245
2011,Aug,
2011,Sep,160
2011,Oct,140
2011,Nov,186
2011,Dec,267
2011,Jan,284
2011,Feb,262
2011,Mar,252
2011,Apr,243
2012,Aug,209
2012,Sep,175
2012,Oct,179
2012,Nov,302
2012,Dec,310
2012,Jan,285
2012,Feb,270
2012,Mar,270
2012,Apr,251
2013,Aug,186
2013,Sep,170
2013,Oct,177
2013,Nov,306
2013,Dec,296
2013,Jan,292
2013,Feb,279
2013,Mar,265
2013,Apr,255
2014,Aug,205
2014,Sep,173
2014,Oct,148
2014,Nov,195
2014,Dec,294
2014,Jan,289
2014,Feb,267
2014,Mar,255
2014,Apr,256
2015,Aug,241
2015,Sep,179
2015,Oct,139
2015,Nov,171
2015,Dec,253
2015,Jan,274
2015,Feb,261
2015,Mar,258
2015,Apr,234
2016,Aug,213
2016,Sep,175
2016,Oct,155
2016,Nov,245
2016,Dec,307
2016,Jan,285
2016,Feb,265
2016,Mar,
2016,Apr,
2017,Aug,
2017,Sep,
2017,Oct,
2017,Nov,
2017,Dec,307
2017,Jan,297
2017,Feb,280
2017,Mar,
2017,Apr,
2018,Aug,
2018,Sep,
2018,Oct,
2018,Nov,
2018,Dec,
2018,Jan,294
2018,Feb,288
2018,Mar,285
2018,Apr,279
2019,Aug,227
2019,Sep,218
2019,Oct,208
2019,Nov,305
2019,Dec,310
2019,Jan,299
2019,Feb,287
2019,Mar,273
2019,Apr,276
2020,Aug,213
2020,Sep,174
2020,Oct,150
2020,Nov,192
2020,Dec,230
2020,Jan,267
2020,Feb,255
2020,Mar,274
2020,Apr,255
2021,Aug,
2021,Sep,
2021,Oct,
2021,Nov,240
2021,Dec,247
2021,Jan,261
2021,Feb,246
2021,Mar,246
2021,Apr,244
2022,Aug,
2022,Sep,
2022,Oct,
2022,Nov,
2022,Dec,257
2022,Jan,273
2022,Feb,256
2022,Mar,265
2022,Apr,259
2012,Aug,282
2012,Sep,268
2012,Oct,259
2012,Nov,256
2012,Dec,
2012,Jan,
2012,Feb,
2012,Mar,218
2012,Apr,176
2013,Aug,287
2013,Sep,272
2013,Oct,272
2013,Nov,255
2013,Dec,
2013,Jan,
2013,Feb,
2013,Mar,200
2013,Apr,173
2014,Aug,294
2014,Sep,281
2014,Oct,268
2014,Nov,270
2014,Dec,
2014,Jan,
2014,Feb,
2014,Mar,185
2014,Apr,170
2015,Aug,298
2015,Sep,267
2015,Oct,258
2015,Nov,254
2015,Dec,
2015,Jan,
2015,Feb,
2015,Mar,
2015,Apr,184
2016,Aug,280
2016,Sep,266
2016,Oct,267
2016,Nov,256
2016,Dec,
2016,Jan,
2016,Feb,
2016,Mar,210
2016,Apr,170
2017,Aug,291
2017,Sep,269
2017,Oct,264
2017,Nov,265
2017,Dec,
2017,Jan,
2017,Feb,
2017,Mar,220
2017,Apr,189
2018,Aug,298
2018,Sep,275
2018,Oct,257
2018,Nov,257
2018,Dec,
2018,Jan,
2018,Feb,
2018,Mar,199
2018,Apr,163
2019,Aug,288
2019,Sep,278
2019,Oct,266
2019,Nov,263
2019,Dec,
2019,Jan,
2019,Feb,
2019,Mar,194
2019,Apr,203
2020,Aug,294
2020,Sep,282
2020,Oct,274
2020,Nov,271
2020,Dec,
2020,Jan,
2020,Feb,
2020,Mar,224
2020,Apr,167
2021,Aug,276
2021,Sep,261
2021,Oct,281
2021,Nov,264
2021,Dec,
2021,Jan,
2021,Feb,
2021,Mar,206
2021,Apr,169
2022,Aug,281
2022,Sep,261
2022,Oct,266
2022,Nov,266
2022,Dec,
2022,Jan,
2022,Feb,
2022,Mar,210
2022,Apr,174
2023,Aug,273
2023,Sep,262
2023,Oct,269
2023,Nov,258
2023,Dec,
2023,Jan,
2023,Feb,
2023,Mar,
2023,Apr,170
2024,Aug,285
2024,Sep,275
2024,Oct,265
2024,Nov,282
2024,Dec,
2024,Jan,
2024,Feb,
2024,Mar,193
2024,Apr,172
2025,Aug,298
2025,Sep,279
2025,Oct,284
2025,Nov,288
2025,Dec,
2025,Jan,
2025,Feb,
2025,Mar,207
2025,Apr,179
