year,ozone_DU
1956,313
1957,322
1958,306
1959,303
1960,293
1961,309
1962,323
1963,301
1964,310
1965,274
1966,308
1967,315
1968,293
1969,275
1970,275
1971,291
1972,296
1973,271
1974,272
1975,303
1976,283
1977,251
1978,284
1979,263
1980,226
1981,237
1982,218
1983,195
1984,194
1985,185
1986,233
1987,150
1988,216
1989,150
1990,173
1991,137
1992,147
1993,122
1994,126
1995,130
1996,148
1997,141
1998,140
1999,143
2000,137
2001,138
2002,224
2003,158
2004,191
2005,155
2006,137
2007,159
2008,145
2009,165
2010,184
2011,140
2012,179
2013,177
2014,148
2015,139
2016,155
2017,
2018,
2019,208
2020,150
2021,
2022,
2012,259
2013,272
2014,268
2015,258
2016,267
2017,264
2018,257
2019,266
2020,274
2021,281
2022,266
2023,269
2024,265
2025,284
